<?xml version="1.0" encoding="UTF-8" standalone="yes"?>
<addon id="repository.the666mafia" name="[COLOR red]the666Mafia[/COLOR]" version="1.0" provider-name="the666Mafia">
    <extension point="xbmc.addon.repository" name="Example Repository">
        <dir>
            <info compressed="false">https://raw.githubusercontent.com/the666mafia/repo/master/zips/addons.xml</info>
            <checksum>https://raw.githubusercontent.com/the666mafia/repo/master/zips/addons.xml.md5</checksum>
            <datadir zip="true">https://raw.githubusercontent.com/the666mafia/repo/master/zips/</datadir>
        </dir>
    </extension>
    <extension point="xbmc.addon.metadata">
        <summary>the666Mafia</summary>
        <description>Repo for the the666Mafia Wizard</description>
        <disclaimer></disclaimer>
        <platform>all</platform>
        <assets>
            <icon>icon.png</icon>
            <fanart>fanart.jpg</fanart>
        </assets>
    </extension>
</addon>