<?xml version="1.0" encoding="UTF-8" standalone="yes"?>
<addon id="plugin.program.breezzwizard" name="[COLORred]BReeZz Wizard[/COLOR]" version="1.1" provider-name="BReeZz">
    <requires>
        <import addon="xbmc.python" version="3.0.0" />
        <import addon="script.module.requests" />
        <import addon="script.module.six" />
        <import addon="script.kodi.android.update" optional="true" version="1.1.7" />
        <import addon="script.speedtester" optional="true" version="1.1.2" />
    </requires>
    
    <extension point="xbmc.python.pluginsource" library="default.py">
        <provides>executable</provides>
    </extension>
    
    <extension point="xbmc.service" library="startup.py" start="startup" />
    
    <extension point="xbmc.addon.metadata">
        <summary lang="en">[COLOR red]BReeZz Kodi Wizard[/COLOR] for Kodi</summary>
        <description lang="en">[COLOR red]BReeZz Wizard[/COLOR] offers many maintenance features, selective add-on data saving, and a variety of builds.</description>
        <platform>all</platform>
        <reuselanguageinvoker>false</reuselanguageinvoker>
        <source></source>
        <news></news>
        <assets>
            <icon>icon.png</icon>
            <fanart>fanart.png</fanart>
        </assets>
    </extension>
</addon>
